date,metric,BTC,ETH
2024-01-11,etf_cumulative_net_flow_usd_millions,655.3,0.0
2024-01-11,etf_net_flow_usd_millions,655.3,0.0
2024-01-12,etf_cumulative_net_flow_usd_millions,858.3,0.0
2024-01-12,etf_net_flow_usd_millions,203.0,0.0
2024-01-13,etf_cumulative_net_flow_usd_millions,858.3,0.0
2024-01-13,etf_net_flow_usd_millions,0.0,0.0
2024-01-14,etf_cumulative_net_flow_usd_millions,858.3,0.0
2024-01-14,etf_net_flow_usd_millions,0.0,0.0
2024-01-15,etf_cumulative_net_flow_usd_millions,858.3,0.0
2024-01-15,etf_net_flow_usd_millions,0.0,0.0
2024-01-16,etf_cumulative_net_flow_usd_millions,805.6,0.0
2024-01-16,etf_net_flow_usd_millions,-52.7,0.0
2024-01-17,etf_cumulative_net_flow_usd_millions,1259.4,0.0
2024-01-17,etf_net_flow_usd_millions,453.8,0.0
2024-01-18,etf_cumulative_net_flow_usd_millions,1132.8,0.0
2024-01-18,etf_net_flow_usd_millions,-126.6,0.0
2024-01-19,etf_cumulative_net_flow_usd_millions,1176.4,0.0
2024-01-19,etf_net_flow_usd_millions,43.6,0.0
2024-01-20,etf_cumulative_net_flow_usd_millions,1176.4,0.0
2024-01-20,etf_net_flow_usd_millions,0.0,0.0
2024-01-21,etf_cumulative_net_flow_usd_millions,1176.4,0.0
2024-01-21,etf_net_flow_usd_millions,0.0,0.0
2024-01-22,etf_cumulative_net_flow_usd_millions,1089.0,0.0
2024-01-22,etf_net_flow_usd_millions,-87.4,0.0
2024-01-23,etf_cumulative_net_flow_usd_millions,982.9,0.0
2024-01-23,etf_net_flow_usd_millions,-106.1,0.0
2024-01-24,etf_cumulative_net_flow_usd_millions,824.6,0.0
2024-01-24,etf_net_flow_usd_millions,-158.3,0.0
2024-01-25,etf_cumulative_net_flow_usd_millions,744.8,0.0
2024-01-25,etf_net_flow_usd_millions,-79.8,0.0
2024-01-26,etf_cumulative_net_flow_usd_millions,759.6,0.0
2024-01-26,etf_net_flow_usd_millions,14.8,0.0
2024-01-27,etf_cumulative_net_flow_usd_millions,759.6,0.0
2024-01-27,etf_net_flow_usd_millions,0.0,0.0
2024-01-28,etf_cumulative_net_flow_usd_millions,759.6,0.0
2024-01-28,etf_net_flow_usd_millions,0.0,0.0
2024-01-29,etf_cumulative_net_flow_usd_millions,1014.7,0.0
2024-01-29,etf_net_flow_usd_millions,255.1,0.0
2024-01-30,etf_cumulative_net_flow_usd_millions,1262.0,0.0
2024-01-30,etf_net_flow_usd_millions,247.3,0.0
2024-01-31,etf_cumulative_net_flow_usd_millions,1459.6,0.0
2024-01-31,etf_net_flow_usd_millions,197.6,0.0
2024-02-01,etf_cumulative_net_flow_usd_millions,1498.1,0.0
2024-02-01,etf_net_flow_usd_millions,38.5,0.0
2024-02-02,etf_cumulative_net_flow_usd_millions,1578.1,0.0
2024-02-02,etf_net_flow_usd_millions,80.0,0.0
2024-02-03,etf_cumulative_net_flow_usd_millions,1578.1,0.0
2024-02-03,etf_net_flow_usd_millions,0.0,0.0
2024-02-04,etf_cumulative_net_flow_usd_millions,1578.1,0.0
2024-02-04,etf_net_flow_usd_millions,0.0,0.0
2024-02-05,etf_cumulative_net_flow_usd_millions,1646.2,0.0
2024-02-05,etf_net_flow_usd_millions,68.1,0.0
2024-02-06,etf_cumulative_net_flow_usd_millions,1679.8,0.0
2024-02-06,etf_net_flow_usd_millions,33.6,0.0
2024-02-07,etf_cumulative_net_flow_usd_millions,1825.8,0.0
2024-02-07,etf_net_flow_usd_millions,146.0,0.0
2024-02-08,etf_cumulative_net_flow_usd_millions,2230.8,0.0
2024-02-08,etf_net_flow_usd_millions,405.0,0.0
2024-02-09,etf_cumulative_net_flow_usd_millions,2772.3,0.0
2024-02-09,etf_net_flow_usd_millions,541.5,0.0
2024-02-10,etf_cumulative_net_flow_usd_millions,2772.3,0.0
2024-02-10,etf_net_flow_usd_millions,0.0,0.0
2024-02-11,etf_cumulative_net_flow_usd_millions,2772.3,0.0
2024-02-11,etf_net_flow_usd_millions,0.0,0.0
2024-02-12,etf_cumulative_net_flow_usd_millions,3265.7,0.0
2024-02-12,etf_net_flow_usd_millions,493.4,0.0
2024-02-13,etf_cumulative_net_flow_usd_millions,3902.0,0.0
2024-02-13,etf_net_flow_usd_millions,636.3,0.0
2024-02-14,etf_cumulative_net_flow_usd_millions,4241.7,0.0
2024-02-14,etf_net_flow_usd_millions,339.7,0.0
2024-02-15,etf_cumulative_net_flow_usd_millions,4719.1,0.0
2024-02-15,etf_net_flow_usd_millions,477.4,0.0
2024-02-16,etf_cumulative_net_flow_usd_millions,5049.4,0.0
2024-02-16,etf_net_flow_usd_millions,330.3,0.0
2024-02-17,etf_cumulative_net_flow_usd_millions,5049.4,0.0
2024-02-17,etf_net_flow_usd_millions,0.0,0.0
2024-02-18,etf_cumulative_net_flow_usd_millions,5049.4,0.0
2024-02-18,etf_net_flow_usd_millions,0.0,0.0
2024-02-19,etf_cumulative_net_flow_usd_millions,5049.4,0.0
2024-02-19,etf_net_flow_usd_millions,0.0,0.0
2024-02-20,etf_cumulative_net_flow_usd_millions,5185.0,0.0
2024-02-20,etf_net_flow_usd_millions,135.6,0.0
2024-02-21,etf_cumulative_net_flow_usd_millions,5149.4,0.0
2024-02-21,etf_net_flow_usd_millions,-35.6,0.0
2024-02-22,etf_cumulative_net_flow_usd_millions,5400.8,0.0
2024-02-22,etf_net_flow_usd_millions,251.4,0.0
2024-02-23,etf_cumulative_net_flow_usd_millions,5633.3,0.0
2024-02-23,etf_net_flow_usd_millions,232.5,0.0
2024-02-24,etf_cumulative_net_flow_usd_millions,5633.3,0.0
2024-02-24,etf_net_flow_usd_millions,0.0,0.0
2024-02-25,etf_cumulative_net_flow_usd_millions,5633.3,0.0
2024-02-25,etf_net_flow_usd_millions,0.0,0.0
2024-02-26,etf_cumulative_net_flow_usd_millions,6153.2,0.0
2024-02-26,etf_net_flow_usd_millions,519.9,0.0
2024-02-27,etf_cumulative_net_flow_usd_millions,6730.1,0.0
2024-02-27,etf_net_flow_usd_millions,576.9,0.0
2024-02-28,etf_cumulative_net_flow_usd_millions,7403.5,0.0
2024-02-28,etf_net_flow_usd_millions,673.4,0.0
2024-02-29,etf_cumulative_net_flow_usd_millions,7495.8,0.0
2024-02-29,etf_net_flow_usd_millions,92.3,0.0
2024-03-01,etf_cumulative_net_flow_usd_millions,7356.2,0.0
2024-03-01,etf_net_flow_usd_millions,-139.6,0.0
2024-03-02,etf_cumulative_net_flow_usd_millions,7356.2,0.0
2024-03-02,etf_net_flow_usd_millions,0.0,0.0
2024-03-03,etf_cumulative_net_flow_usd_millions,7356.2,0.0
2024-03-03,etf_net_flow_usd_millions,0.0,0.0
2024-03-04,etf_cumulative_net_flow_usd_millions,7918.9,0.0
2024-03-04,etf_net_flow_usd_millions,562.7,0.0
2024-03-05,etf_cumulative_net_flow_usd_millions,8567.2,0.0
2024-03-05,etf_net_flow_usd_millions,648.3,0.0
2024-03-06,etf_cumulative_net_flow_usd_millions,8899.2,0.0
2024-03-06,etf_net_flow_usd_millions,332.0,0.0
2024-03-07,etf_cumulative_net_flow_usd_millions,9371.7,0.0
2024-03-07,etf_net_flow_usd_millions,472.5,0.0
2024-03-08,etf_cumulative_net_flow_usd_millions,9594.7,0.0
2024-03-08,etf_net_flow_usd_millions,223.0,0.0
2024-03-09,etf_cumulative_net_flow_usd_millions,9594.7,0.0
2024-03-09,etf_net_flow_usd_millions,0.0,0.0
2024-03-10,etf_cumulative_net_flow_usd_millions,9594.7,0.0
2024-03-10,etf_net_flow_usd_millions,0.0,0.0
2024-03-11,etf_cumulative_net_flow_usd_millions,10100.1,0.0
2024-03-11,etf_net_flow_usd_millions,505.4,0.0
2024-03-12,etf_cumulative_net_flow_usd_millions,11145.1,0.0
2024-03-12,etf_net_flow_usd_millions,1045.0,0.0
2024-03-13,etf_cumulative_net_flow_usd_millions,11828.8,0.0
2024-03-13,etf_net_flow_usd_millions,683.7,0.0
2024-03-14,etf_cumulative_net_flow_usd_millions,11961.5,0.0
2024-03-14,etf_net_flow_usd_millions,132.7,0.0
2024-03-15,etf_cumulative_net_flow_usd_millions,12160.3,0.0
2024-03-15,etf_net_flow_usd_millions,198.8,0.0
2024-03-16,etf_cumulative_net_flow_usd_millions,12160.3,0.0
2024-03-16,etf_net_flow_usd_millions,0.0,0.0
2024-03-17,etf_cumulative_net_flow_usd_millions,12160.3,0.0
2024-03-17,etf_net_flow_usd_millions,0.0,0.0
2024-03-18,etf_cumulative_net_flow_usd_millions,12006.0,0.0
2024-03-18,etf_net_flow_usd_millions,-154.3,0.0
2024-03-19,etf_cumulative_net_flow_usd_millions,11679.8,0.0
2024-03-19,etf_net_flow_usd_millions,-326.2,0.0
2024-03-20,etf_cumulative_net_flow_usd_millions,11418.3,0.0
2024-03-20,etf_net_flow_usd_millions,-261.5,0.0
2024-03-21,etf_cumulative_net_flow_usd_millions,11324.3,0.0
2024-03-21,etf_net_flow_usd_millions,-94.0,0.0
2024-03-22,etf_cumulative_net_flow_usd_millions,11272.7,0.0
2024-03-22,etf_net_flow_usd_millions,-51.6,0.0
2024-03-23,etf_cumulative_net_flow_usd_millions,11272.7,0.0
2024-03-23,etf_net_flow_usd_millions,0.0,0.0
2024-03-24,etf_cumulative_net_flow_usd_millions,11272.7,0.0
2024-03-24,etf_net_flow_usd_millions,0.0,0.0
2024-03-25,etf_cumulative_net_flow_usd_millions,11288.1,0.0
2024-03-25,etf_net_flow_usd_millions,15.4,0.0
2024-03-26,etf_cumulative_net_flow_usd_millions,11706.1,0.0
2024-03-26,etf_net_flow_usd_millions,418.0,0.0
2024-03-27,etf_cumulative_net_flow_usd_millions,11949.6,0.0
2024-03-27,etf_net_flow_usd_millions,243.5,0.0
2024-03-28,etf_cumulative_net_flow_usd_millions,12132.4,0.0
2024-03-28,etf_net_flow_usd_millions,182.8,0.0
2024-03-29,etf_cumulative_net_flow_usd_millions,12132.4,0.0
2024-03-29,etf_net_flow_usd_millions,0.0,0.0
2024-03-30,etf_cumulative_net_flow_usd_millions,12132.4,0.0
2024-03-30,etf_net_flow_usd_millions,0.0,0.0
2024-03-31,etf_cumulative_net_flow_usd_millions,12132.4,0.0
2024-03-31,etf_net_flow_usd_millions,0.0,0.0
2024-04-01,etf_cumulative_net_flow_usd_millions,12046.7,0.0
2024-04-01,etf_net_flow_usd_millions,-85.7,0.0
2024-04-02,etf_cumulative_net_flow_usd_millions,12086.2,0.0
2024-04-02,etf_net_flow_usd_millions,39.5,0.0
2024-04-03,etf_cumulative_net_flow_usd_millions,12199.7,0.0
2024-04-03,etf_net_flow_usd_millions,113.5,0.0
2024-04-04,etf_cumulative_net_flow_usd_millions,12413.1,0.0
2024-04-04,etf_net_flow_usd_millions,213.4,0.0
2024-04-05,etf_cumulative_net_flow_usd_millions,12616.1,0.0
2024-04-05,etf_net_flow_usd_millions,203.0,0.0
2024-04-06,etf_cumulative_net_flow_usd_millions,12616.1,0.0
2024-04-06,etf_net_flow_usd_millions,0.0,0.0
2024-04-07,etf_cumulative_net_flow_usd_millions,12616.1,0.0
2024-04-07,etf_net_flow_usd_millions,0.0,0.0
2024-04-08,etf_cumulative_net_flow_usd_millions,12392.3,0.0
2024-04-08,etf_net_flow_usd_millions,-223.8,0.0
2024-04-09,etf_cumulative_net_flow_usd_millions,12372.9,0.0
2024-04-09,etf_net_flow_usd_millions,-19.4,0.0
2024-04-10,etf_cumulative_net_flow_usd_millions,12496.6,0.0
2024-04-10,etf_net_flow_usd_millions,123.7,0.0
2024-04-11,etf_cumulative_net_flow_usd_millions,12587.9,0.0
2024-04-11,etf_net_flow_usd_millions,91.3,0.0
2024-04-12,etf_cumulative_net_flow_usd_millions,12532.8,0.0
2024-04-12,etf_net_flow_usd_millions,-55.1,0.0
2024-04-13,etf_cumulative_net_flow_usd_millions,12532.8,0.0
2024-04-13,etf_net_flow_usd_millions,0.0,0.0
2024-04-14,etf_cumulative_net_flow_usd_millions,12532.8,0.0
2024-04-14,etf_net_flow_usd_millions,0.0,0.0
2024-04-15,etf_cumulative_net_flow_usd_millions,12496.1,0.0
2024-04-15,etf_net_flow_usd_millions,-36.7,0.0
2024-04-16,etf_cumulative_net_flow_usd_millions,12438.1,0.0
2024-04-16,etf_net_flow_usd_millions,-58.0,0.0
2024-04-17,etf_cumulative_net_flow_usd_millions,12273.1,0.0
2024-04-17,etf_net_flow_usd_millions,-165.0,0.0
2024-04-18,etf_cumulative_net_flow_usd_millions,12268.8,0.0
2024-04-18,etf_net_flow_usd_millions,-4.3,0.0
2024-04-19,etf_cumulative_net_flow_usd_millions,12328.5,0.0
2024-04-19,etf_net_flow_usd_millions,59.7,0.0
2024-04-20,etf_cumulative_net_flow_usd_millions,12328.5,0.0
2024-04-20,etf_net_flow_usd_millions,0.0,0.0
2024-04-21,etf_cumulative_net_flow_usd_millions,12328.5,0.0
2024-04-21,etf_net_flow_usd_millions,0.0,0.0
2024-04-22,etf_cumulative_net_flow_usd_millions,12390.7,0.0
2024-04-22,etf_net_flow_usd_millions,62.2,0.0
2024-04-23,etf_cumulative_net_flow_usd_millions,12422.3,0.0
2024-04-23,etf_net_flow_usd_millions,31.6,0.0
2024-04-24,etf_cumulative_net_flow_usd_millions,12301.7,0.0
2024-04-24,etf_net_flow_usd_millions,-120.6,0.0
2024-04-25,etf_cumulative_net_flow_usd_millions,12084.1,0.0
2024-04-25,etf_net_flow_usd_millions,-217.6,0.0
2024-04-26,etf_cumulative_net_flow_usd_millions,12000.5,0.0
2024-04-26,etf_net_flow_usd_millions,-83.6,0.0
2024-04-27,etf_cumulative_net_flow_usd_millions,12000.5,0.0
2024-04-27,etf_net_flow_usd_millions,0.0,0.0
2024-04-28,etf_cumulative_net_flow_usd_millions,12000.5,0.0
2024-04-28,etf_net_flow_usd_millions,0.0,0.0
2024-04-29,etf_cumulative_net_flow_usd_millions,11948.9,0.0
2024-04-29,etf_net_flow_usd_millions,-51.6,0.0
2024-04-30,etf_cumulative_net_flow_usd_millions,11787.3,0.0
2024-04-30,etf_net_flow_usd_millions,-161.6,0.0
2024-05-01,etf_cumulative_net_flow_usd_millions,11223.6,0.0
2024-05-01,etf_net_flow_usd_millions,-563.7,0.0
2024-05-02,etf_cumulative_net_flow_usd_millions,11189.2,0.0
2024-05-02,etf_net_flow_usd_millions,-34.4,0.0
2024-05-03,etf_cumulative_net_flow_usd_millions,11567.5,0.0
2024-05-03,etf_net_flow_usd_millions,378.3,0.0
2024-05-04,etf_cumulative_net_flow_usd_millions,11567.5,0.0
2024-05-04,etf_net_flow_usd_millions,0.0,0.0
2024-05-05,etf_cumulative_net_flow_usd_millions,11567.5,0.0
2024-05-05,etf_net_flow_usd_millions,0.0,0.0
2024-05-06,etf_cumulative_net_flow_usd_millions,11784.5,0.0
2024-05-06,etf_net_flow_usd_millions,217.0,0.0
2024-05-07,etf_cumulative_net_flow_usd_millions,11768.8,0.0
2024-05-07,etf_net_flow_usd_millions,-15.7,0.0
2024-05-08,etf_cumulative_net_flow_usd_millions,11780.3,0.0
2024-05-08,etf_net_flow_usd_millions,11.5,0.0
2024-05-09,etf_cumulative_net_flow_usd_millions,11769.0,0.0
2024-05-09,etf_net_flow_usd_millions,-11.3,0.0
2024-05-10,etf_cumulative_net_flow_usd_millions,11684.3,0.0
2024-05-10,etf_net_flow_usd_millions,-84.7,0.0
2024-05-11,etf_cumulative_net_flow_usd_millions,11684.3,0.0
2024-05-11,etf_net_flow_usd_millions,0.0,0.0
2024-05-12,etf_cumulative_net_flow_usd_millions,11684.3,0.0
2024-05-12,etf_net_flow_usd_millions,0.0,0.0
2024-05-13,etf_cumulative_net_flow_usd_millions,11750.3,0.0
2024-05-13,etf_net_flow_usd_millions,66.0,0.0
2024-05-14,etf_cumulative_net_flow_usd_millions,11850.8,0.0
2024-05-14,etf_net_flow_usd_millions,100.5,0.0
2024-05-15,etf_cumulative_net_flow_usd_millions,12153.8,0.0
2024-05-15,etf_net_flow_usd_millions,303.0,0.0
2024-05-16,etf_cumulative_net_flow_usd_millions,12411.1,0.0
2024-05-16,etf_net_flow_usd_millions,257.3,0.0
2024-05-17,etf_cumulative_net_flow_usd_millions,12632.6,0.0
2024-05-17,etf_net_flow_usd_millions,221.5,0.0
2024-05-18,etf_cumulative_net_flow_usd_millions,12632.6,0.0
2024-05-18,etf_net_flow_usd_millions,0.0,0.0
2024-05-19,etf_cumulative_net_flow_usd_millions,12632.6,0.0
2024-05-19,etf_net_flow_usd_millions,0.0,0.0
2024-05-20,etf_cumulative_net_flow_usd_millions,12869.8,0.0
2024-05-20,etf_net_flow_usd_millions,237.2,0.0
2024-05-21,etf_cumulative_net_flow_usd_millions,13175.5,0.0
2024-05-21,etf_net_flow_usd_millions,305.7,0.0
2024-05-22,etf_cumulative_net_flow_usd_millions,13329.5,0.0
2024-05-22,etf_net_flow_usd_millions,154.0,0.0
2024-05-23,etf_cumulative_net_flow_usd_millions,13437.4,0.0
2024-05-23,etf_net_flow_usd_millions,107.9,0.0
2024-05-24,etf_cumulative_net_flow_usd_millions,13689.3,0.0
2024-05-24,etf_net_flow_usd_millions,251.9,0.0
2024-05-25,etf_cumulative_net_flow_usd_millions,13689.3,0.0
2024-05-25,etf_net_flow_usd_millions,0.0,0.0
2024-05-26,etf_cumulative_net_flow_usd_millions,13689.3,0.0
2024-05-26,etf_net_flow_usd_millions,0.0,0.0
2024-05-27,etf_cumulative_net_flow_usd_millions,13689.3,0.0
2024-05-27,etf_net_flow_usd_millions,0.0,0.0
2024-05-28,etf_cumulative_net_flow_usd_millions,13734.3,0.0
2024-05-28,etf_net_flow_usd_millions,45.0,0.0
2024-05-29,etf_cumulative_net_flow_usd_millions,13762.6,0.0
2024-05-29,etf_net_flow_usd_millions,28.3,0.0
2024-05-30,etf_cumulative_net_flow_usd_millions,13811.4,0.0
2024-05-30,etf_net_flow_usd_millions,48.8,0.0
2024-05-31,etf_cumulative_net_flow_usd_millions,13860.2,0.0
2024-05-31,etf_net_flow_usd_millions,48.8,0.0
2024-06-01,etf_cumulative_net_flow_usd_millions,13860.2,0.0
2024-06-01,etf_net_flow_usd_millions,0.0,0.0
2024-06-02,etf_cumulative_net_flow_usd_millions,13860.2,0.0
2024-06-02,etf_net_flow_usd_millions,0.0,0.0
2024-06-03,etf_cumulative_net_flow_usd_millions,13965.3,0.0
2024-06-03,etf_net_flow_usd_millions,105.1,0.0
2024-06-04,etf_cumulative_net_flow_usd_millions,14851.9,0.0
2024-06-04,etf_net_flow_usd_millions,886.6,0.0
2024-06-05,etf_cumulative_net_flow_usd_millions,15340.0,0.0
2024-06-05,etf_net_flow_usd_millions,488.1,0.0
2024-06-06,etf_cumulative_net_flow_usd_millions,15557.7,0.0
2024-06-06,etf_net_flow_usd_millions,217.7,0.0
2024-06-07,etf_cumulative_net_flow_usd_millions,15688.7,0.0
2024-06-07,etf_net_flow_usd_millions,131.0,0.0
2024-06-08,etf_cumulative_net_flow_usd_millions,15688.7,0.0
2024-06-08,etf_net_flow_usd_millions,0.0,0.0
2024-06-09,etf_cumulative_net_flow_usd_millions,15688.7,0.0
2024-06-09,etf_net_flow_usd_millions,0.0,0.0
2024-06-10,etf_cumulative_net_flow_usd_millions,15623.8,0.0
2024-06-10,etf_net_flow_usd_millions,-64.9,0.0
2024-06-11,etf_cumulative_net_flow_usd_millions,15423.4,0.0
2024-06-11,etf_net_flow_usd_millions,-200.4,0.0
2024-06-12,etf_cumulative_net_flow_usd_millions,15524.2,0.0
2024-06-12,etf_net_flow_usd_millions,100.8,0.0
2024-06-13,etf_cumulative_net_flow_usd_millions,15298.0,0.0
2024-06-13,etf_net_flow_usd_millions,-226.2,0.0
2024-06-14,etf_cumulative_net_flow_usd_millions,15108.1,0.0
2024-06-14,etf_net_flow_usd_millions,-189.9,0.0
2024-06-15,etf_cumulative_net_flow_usd_millions,15108.1,0.0
2024-06-15,etf_net_flow_usd_millions,0.0,0.0
2024-06-16,etf_cumulative_net_flow_usd_millions,15108.1,0.0
2024-06-16,etf_net_flow_usd_millions,0.0,0.0
2024-06-17,etf_cumulative_net_flow_usd_millions,14962.2,0.0
2024-06-17,etf_net_flow_usd_millions,-145.9,0.0
2024-06-18,etf_cumulative_net_flow_usd_millions,14809.8,0.0
2024-06-18,etf_net_flow_usd_millions,-152.4,0.0
2024-06-19,etf_cumulative_net_flow_usd_millions,14809.8,0.0
2024-06-19,etf_net_flow_usd_millions,0.0,0.0
2024-06-20,etf_cumulative_net_flow_usd_millions,14669.9,0.0
2024-06-20,etf_net_flow_usd_millions,-139.9,0.0
2024-06-21,etf_cumulative_net_flow_usd_millions,14564.0,0.0
2024-06-21,etf_net_flow_usd_millions,-105.9,0.0
2024-06-22,etf_cumulative_net_flow_usd_millions,14564.0,0.0
2024-06-22,etf_net_flow_usd_millions,0.0,0.0
2024-06-23,etf_cumulative_net_flow_usd_millions,14564.0,0.0
2024-06-23,etf_net_flow_usd_millions,0.0,0.0
2024-06-24,etf_cumulative_net_flow_usd_millions,14389.5,0.0
2024-06-24,etf_net_flow_usd_millions,-174.5,0.0
2024-06-25,etf_cumulative_net_flow_usd_millions,14420.5,0.0
2024-06-25,etf_net_flow_usd_millions,31.0,0.0
2024-06-26,etf_cumulative_net_flow_usd_millions,14441.9,0.0
2024-06-26,etf_net_flow_usd_millions,21.4,0.0
2024-06-27,etf_cumulative_net_flow_usd_millions,14453.7,0.0
2024-06-27,etf_net_flow_usd_millions,11.8,0.0
2024-06-28,etf_cumulative_net_flow_usd_millions,14526.7,0.0
2024-06-28,etf_net_flow_usd_millions,73.0,0.0
2024-06-29,etf_cumulative_net_flow_usd_millions,14526.7,0.0
2024-06-29,etf_net_flow_usd_millions,0.0,0.0
2024-06-30,etf_cumulative_net_flow_usd_millions,14526.7,0.0
2024-06-30,etf_net_flow_usd_millions,0.0,0.0
2024-07-01,etf_cumulative_net_flow_usd_millions,14656.2,0.0
2024-07-01,etf_net_flow_usd_millions,129.5,0.0
2024-07-02,etf_cumulative_net_flow_usd_millions,14642.5,0.0
2024-07-02,etf_net_flow_usd_millions,-13.7,0.0
2024-07-03,etf_cumulative_net_flow_usd_millions,14622.0,0.0
2024-07-03,etf_net_flow_usd_millions,-20.5,0.0
2024-07-04,etf_cumulative_net_flow_usd_millions,14622.0,0.0
2024-07-04,etf_net_flow_usd_millions,0.0,0.0
2024-07-05,etf_cumulative_net_flow_usd_millions,14765.1,0.0
2024-07-05,etf_net_flow_usd_millions,143.1,0.0
2024-07-06,etf_cumulative_net_flow_usd_millions,14765.1,0.0
2024-07-06,etf_net_flow_usd_millions,0.0,0.0
2024-07-07,etf_cumulative_net_flow_usd_millions,14765.1,0.0
2024-07-07,etf_net_flow_usd_millions,0.0,0.0
2024-07-08,etf_cumulative_net_flow_usd_millions,15059.9,0.0
2024-07-08,etf_net_flow_usd_millions,294.8,0.0
2024-07-09,etf_cumulative_net_flow_usd_millions,15276.3,0.0
2024-07-09,etf_net_flow_usd_millions,216.4,0.0
2024-07-10,etf_cumulative_net_flow_usd_millions,15423.7,0.0
2024-07-10,etf_net_flow_usd_millions,147.4,0.0
2024-07-11,etf_cumulative_net_flow_usd_millions,15502.6,0.0
2024-07-11,etf_net_flow_usd_millions,78.9,0.0
2024-07-12,etf_cumulative_net_flow_usd_millions,15812.7,0.0
2024-07-12,etf_net_flow_usd_millions,310.1,0.0
2024-07-13,etf_cumulative_net_flow_usd_millions,15812.7,0.0
2024-07-13,etf_net_flow_usd_millions,0.0,0.0
2024-07-14,etf_cumulative_net_flow_usd_millions,15812.7,0.0
2024-07-14,etf_net_flow_usd_millions,0.0,0.0
2024-07-15,etf_cumulative_net_flow_usd_millions,16113.6,0.0
2024-07-15,etf_net_flow_usd_millions,300.9,0.0
2024-07-16,etf_cumulative_net_flow_usd_millions,16536.1,0.0
2024-07-16,etf_net_flow_usd_millions,422.5,0.0
2024-07-17,etf_cumulative_net_flow_usd_millions,16589.4,0.0
2024-07-17,etf_net_flow_usd_millions,53.3,0.0
2024-07-18,etf_cumulative_net_flow_usd_millions,16626.6,0.0
2024-07-18,etf_net_flow_usd_millions,37.2,0.0
2024-07-19,etf_cumulative_net_flow_usd_millions,17053.8,0.0
2024-07-19,etf_net_flow_usd_millions,427.2,0.0
2024-07-20,etf_cumulative_net_flow_usd_millions,17053.8,0.0
2024-07-20,etf_net_flow_usd_millions,0.0,0.0
2024-07-21,etf_cumulative_net_flow_usd_millions,17053.8,0.0
2024-07-21,etf_net_flow_usd_millions,0.0,0.0
2024-07-22,etf_cumulative_net_flow_usd_millions,17539.7,0.0
2024-07-22,etf_net_flow_usd_millions,485.9,0.0
2024-07-23,etf_cumulative_net_flow_usd_millions,17461.7,106.6
2024-07-23,etf_net_flow_usd_millions,-78.0,106.6
2024-07-24,etf_cumulative_net_flow_usd_millions,17506.2,-26.7
2024-07-24,etf_net_flow_usd_millions,44.5,-133.3
2024-07-25,etf_cumulative_net_flow_usd_millions,17537.3,-179.1
2024-07-25,etf_net_flow_usd_millions,31.1,-152.4
2024-07-26,etf_cumulative_net_flow_usd_millions,17589.1,-341.8
2024-07-26,etf_net_flow_usd_millions,51.8,-162.7
2024-07-27,etf_cumulative_net_flow_usd_millions,17589.1,-341.8
2024-07-27,etf_net_flow_usd_millions,0.0,0.0
2024-07-28,etf_cumulative_net_flow_usd_millions,17589.1,-341.8
2024-07-28,etf_net_flow_usd_millions,0.0,0.0
2024-07-29,etf_cumulative_net_flow_usd_millions,17713.2,-440.1
2024-07-29,etf_net_flow_usd_millions,124.1,-98.3
2024-07-30,etf_cumulative_net_flow_usd_millions,17694.9,-406.4
2024-07-30,etf_net_flow_usd_millions,-18.3,33.7
2024-07-31,etf_cumulative_net_flow_usd_millions,17677.2,-483.6
2024-07-31,etf_net_flow_usd_millions,-17.7,-77.2
2024-08-01,etf_cumulative_net_flow_usd_millions,17536.7,-456.9
2024-08-01,etf_net_flow_usd_millions,-140.5,26.7
2024-08-02,etf_cumulative_net_flow_usd_millions,17289.4,-511.2
2024-08-02,etf_net_flow_usd_millions,-247.3,-54.3
2024-08-03,etf_cumulative_net_flow_usd_millions,17289.4,-511.2
2024-08-03,etf_net_flow_usd_millions,0.0,0.0
2024-08-04,etf_cumulative_net_flow_usd_millions,17289.4,-511.2
2024-08-04,etf_net_flow_usd_millions,0.0,0.0
2024-08-05,etf_cumulative_net_flow_usd_millions,17099.2,-462.4
2024-08-05,etf_net_flow_usd_millions,-190.2,48.8
2024-08-06,etf_cumulative_net_flow_usd_millions,16950.6,-364.0
2024-08-06,etf_net_flow_usd_millions,-148.6,98.4
2024-08-07,etf_cumulative_net_flow_usd_millions,16986.0,-387.7
2024-08-07,etf_net_flow_usd_millions,35.4,-23.7
2024-08-08,etf_cumulative_net_flow_usd_millions,17180.6,-390.6
2024-08-08,etf_net_flow_usd_millions,194.6,-2.9
2024-08-09,etf_cumulative_net_flow_usd_millions,17075.3,-406.4
2024-08-09,etf_net_flow_usd_millions,-105.3,-15.8
2024-08-10,etf_cumulative_net_flow_usd_millions,17075.3,-406.4
2024-08-10,etf_net_flow_usd_millions,0.0,0.0
2024-08-11,etf_cumulative_net_flow_usd_millions,17075.3,-406.4
2024-08-11,etf_net_flow_usd_millions,0.0,0.0
2024-08-12,etf_cumulative_net_flow_usd_millions,17095.2,-401.4
2024-08-12,etf_net_flow_usd_millions,19.9,5.0
2024-08-13,etf_cumulative_net_flow_usd_millions,17134.2,-377.1
2024-08-13,etf_net_flow_usd_millions,39.0,24.3
2024-08-14,etf_cumulative_net_flow_usd_millions,17052.8,-366.3
2024-08-14,etf_net_flow_usd_millions,-81.4,10.8
2024-08-15,etf_cumulative_net_flow_usd_millions,17050.2,-405.5
2024-08-15,etf_net_flow_usd_millions,-2.6,-39.2
2024-08-16,etf_cumulative_net_flow_usd_millions,17086.1,-420.5
2024-08-16,etf_net_flow_usd_millions,35.9,-15.0
2024-08-17,etf_cumulative_net_flow_usd_millions,17086.1,-420.5
2024-08-17,etf_net_flow_usd_millions,0.0,0.0
2024-08-18,etf_cumulative_net_flow_usd_millions,17086.1,-420.5
2024-08-18,etf_net_flow_usd_millions,0.0,0.0
2024-08-19,etf_cumulative_net_flow_usd_millions,17148.2,-434.0
2024-08-19,etf_net_flow_usd_millions,62.1,-13.5
2024-08-20,etf_cumulative_net_flow_usd_millions,17236.2,-440.5
2024-08-20,etf_net_flow_usd_millions,88.0,-6.5
2024-08-21,etf_cumulative_net_flow_usd_millions,17261.5,-458.5
2024-08-21,etf_net_flow_usd_millions,25.3,-18.0
2024-08-22,etf_cumulative_net_flow_usd_millions,17322.3,-459.3
2024-08-22,etf_net_flow_usd_millions,60.8,-0.8
2024-08-23,etf_cumulative_net_flow_usd_millions,17523.5,-465.0
2024-08-23,etf_net_flow_usd_millions,201.2,-5.7
2024-08-24,etf_cumulative_net_flow_usd_millions,17523.5,-465.0
2024-08-24,etf_net_flow_usd_millions,0.0,0.0
2024-08-25,etf_cumulative_net_flow_usd_millions,17523.5,-465.0
2024-08-25,etf_net_flow_usd_millions,0.0,0.0
2024-08-26,etf_cumulative_net_flow_usd_millions,17726.1,-478.2
2024-08-26,etf_net_flow_usd_millions,202.6,-13.2
2024-08-27,etf_cumulative_net_flow_usd_millions,17599.0,-481.6
2024-08-27,etf_net_flow_usd_millions,-127.1,-3.4
2024-08-28,etf_cumulative_net_flow_usd_millions,17502.5,-475.7
2024-08-28,etf_net_flow_usd_millions,-96.5,5.9
2024-08-29,etf_cumulative_net_flow_usd_millions,17430.7,-477.4
2024-08-29,etf_net_flow_usd_millions,-71.8,-1.7
2024-08-30,etf_cumulative_net_flow_usd_millions,17255.1,-477.4
2024-08-30,etf_net_flow_usd_millions,-175.6,0.0
2024-08-31,etf_cumulative_net_flow_usd_millions,17255.1,-477.4
2024-08-31,etf_net_flow_usd_millions,0.0,0.0
2024-09-01,etf_cumulative_net_flow_usd_millions,17255.1,-477.4
2024-09-01,etf_net_flow_usd_millions,0.0,0.0
2024-09-02,etf_cumulative_net_flow_usd_millions,17255.1,-477.4
2024-09-02,etf_net_flow_usd_millions,0.0,0.0
2024-09-03,etf_cumulative_net_flow_usd_millions,16967.3,-524.8
2024-09-03,etf_net_flow_usd_millions,-287.8,-47.4
2024-09-04,etf_cumulative_net_flow_usd_millions,16930.1,-562.3
2024-09-04,etf_net_flow_usd_millions,-37.2,-37.5
2024-09-05,etf_cumulative_net_flow_usd_millions,16727.4,-562.5
2024-09-05,etf_net_flow_usd_millions,-202.7,-0.2
2024-09-06,etf_cumulative_net_flow_usd_millions,16562.9,-568.5
2024-09-06,etf_net_flow_usd_millions,-164.5,-6.0
2024-09-07,etf_cumulative_net_flow_usd_millions,16562.9,-568.5
2024-09-07,etf_net_flow_usd_millions,0.0,0.0
2024-09-08,etf_cumulative_net_flow_usd_millions,16562.9,-568.5
2024-09-08,etf_net_flow_usd_millions,0.0,0.0
2024-09-09,etf_cumulative_net_flow_usd_millions,16591.5,-573.7
2024-09-09,etf_net_flow_usd_millions,28.6,-5.2
2024-09-10,etf_cumulative_net_flow_usd_millions,16667.4,-562.3
2024-09-10,etf_net_flow_usd_millions,75.9,11.4
2024-09-11,etf_cumulative_net_flow_usd_millions,16624.0,-562.8
2024-09-11,etf_net_flow_usd_millions,-43.4,-0.5
2024-09-12,etf_cumulative_net_flow_usd_millions,16657.8,-582.9
2024-09-12,etf_net_flow_usd_millions,33.8,-20.1
2024-09-13,etf_cumulative_net_flow_usd_millions,16921.0,-581.4
2024-09-13,etf_net_flow_usd_millions,263.2,1.5
2024-09-14,etf_cumulative_net_flow_usd_millions,16921.0,-581.4
2024-09-14,etf_net_flow_usd_millions,0.0,0.0
2024-09-15,etf_cumulative_net_flow_usd_millions,16921.0,-581.4
2024-09-15,etf_net_flow_usd_millions,0.0,0.0
2024-09-16,etf_cumulative_net_flow_usd_millions,16931.0,-590.8
2024-09-16,etf_net_flow_usd_millions,10.0,-9.4
2024-09-17,etf_cumulative_net_flow_usd_millions,17117.8,-605.9
2024-09-17,etf_net_flow_usd_millions,186.8,-15.1
2024-09-18,etf_cumulative_net_flow_usd_millions,17062.4,-615.7
2024-09-18,etf_net_flow_usd_millions,-55.4,-9.8
2024-09-19,etf_cumulative_net_flow_usd_millions,17211.2,-610.5
2024-09-19,etf_net_flow_usd_millions,148.8,5.2
2024-09-20,etf_cumulative_net_flow_usd_millions,17289.8,-607.6
2024-09-20,etf_net_flow_usd_millions,78.6,2.9
2024-09-21,etf_cumulative_net_flow_usd_millions,17289.8,-607.6
2024-09-21,etf_net_flow_usd_millions,0.0,0.0
2024-09-22,etf_cumulative_net_flow_usd_millions,17289.8,-607.6
2024-09-22,etf_net_flow_usd_millions,0.0,0.0
2024-09-23,etf_cumulative_net_flow_usd_millions,17285.9,-686.9
2024-09-23,etf_net_flow_usd_millions,-3.9,-79.3
2024-09-24,etf_cumulative_net_flow_usd_millions,17419.0,-624.4
2024-09-24,etf_net_flow_usd_millions,133.1,62.5
2024-09-25,etf_cumulative_net_flow_usd_millions,17524.9,-581.2
2024-09-25,etf_net_flow_usd_millions,105.9,43.2
2024-09-26,etf_cumulative_net_flow_usd_millions,17887.7,-581.3
2024-09-26,etf_net_flow_usd_millions,362.8,-0.1
2024-09-27,etf_cumulative_net_flow_usd_millions,18382.1,-522.6
2024-09-27,etf_net_flow_usd_millions,494.4,58.7
2024-09-28,etf_cumulative_net_flow_usd_millions,18382.1,-522.6
2024-09-28,etf_net_flow_usd_millions,0.0,0.0
2024-09-29,etf_cumulative_net_flow_usd_millions,18382.1,-522.6
2024-09-29,etf_net_flow_usd_millions,0.0,0.0
2024-09-30,etf_cumulative_net_flow_usd_millions,18443.4,-523.4
2024-09-30,etf_net_flow_usd_millions,61.3,-0.8
2024-10-01,etf_cumulative_net_flow_usd_millions,18200.8,-572.0
2024-10-01,etf_net_flow_usd_millions,-242.6,-48.6
2024-10-02,etf_cumulative_net_flow_usd_millions,18109.1,-557.6
2024-10-02,etf_net_flow_usd_millions,-91.7,14.4
2024-10-03,etf_cumulative_net_flow_usd_millions,18054.9,-560.8
2024-10-03,etf_net_flow_usd_millions,-54.2,-3.2
2024-10-04,etf_cumulative_net_flow_usd_millions,18080.5,-553.4
2024-10-04,etf_net_flow_usd_millions,25.6,7.4
2024-10-05,etf_cumulative_net_flow_usd_millions,18080.5,-553.4
2024-10-05,etf_net_flow_usd_millions,0.0,0.0
2024-10-06,etf_cumulative_net_flow_usd_millions,18080.5,-553.4
2024-10-06,etf_net_flow_usd_millions,0.0,0.0
2024-10-07,etf_cumulative_net_flow_usd_millions,18315.7,-553.4
2024-10-07,etf_net_flow_usd_millions,235.2,0.0
2024-10-08,etf_cumulative_net_flow_usd_millions,18297.1,-561.5
2024-10-08,etf_net_flow_usd_millions,-18.6,-8.1
2024-10-09,etf_cumulative_net_flow_usd_millions,18256.5,-561.5
2024-10-09,etf_net_flow_usd_millions,-40.6,0.0
2024-10-10,etf_cumulative_net_flow_usd_millions,18156.9,-558.4
2024-10-10,etf_net_flow_usd_millions,-99.6,3.1
2024-10-11,etf_cumulative_net_flow_usd_millions,18410.5,-558.5
2024-10-11,etf_net_flow_usd_millions,253.6,-0.1
2024-10-12,etf_cumulative_net_flow_usd_millions,18410.5,-558.5
2024-10-12,etf_net_flow_usd_millions,0.0,0.0
2024-10-13,etf_cumulative_net_flow_usd_millions,18410.5,-558.5
2024-10-13,etf_net_flow_usd_millions,0.0,0.0
2024-10-14,etf_cumulative_net_flow_usd_millions,18961.7,-541.5
2024-10-14,etf_net_flow_usd_millions,551.2,17.0
2024-10-15,etf_cumulative_net_flow_usd_millions,19319.3,-554.2
2024-10-15,etf_net_flow_usd_millions,357.6,-12.7
2024-10-16,etf_cumulative_net_flow_usd_millions,19777.8,-530.0
2024-10-16,etf_net_flow_usd_millions,458.5,24.2
2024-10-17,etf_cumulative_net_flow_usd_millions,20248.3,-481.6
2024-10-17,etf_net_flow_usd_millions,470.5,48.4
2024-10-18,etf_cumulative_net_flow_usd_millions,20522.0,-479.7
2024-10-18,etf_net_flow_usd_millions,273.7,1.9
2024-10-19,etf_cumulative_net_flow_usd_millions,20522.0,-479.7
2024-10-19,etf_net_flow_usd_millions,0.0,0.0
2024-10-20,etf_cumulative_net_flow_usd_millions,20522.0,-479.7
2024-10-20,etf_net_flow_usd_millions,0.0,0.0
2024-10-21,etf_cumulative_net_flow_usd_millions,20816.3,-500.5
2024-10-21,etf_net_flow_usd_millions,294.3,-20.8
2024-10-22,etf_cumulative_net_flow_usd_millions,20737.2,-488.6
2024-10-22,etf_net_flow_usd_millions,-79.1,11.9
2024-10-23,etf_cumulative_net_flow_usd_millions,20924.9,-487.4
2024-10-23,etf_net_flow_usd_millions,187.7,1.2
2024-10-24,etf_cumulative_net_flow_usd_millions,21112.9,-485.1
2024-10-24,etf_net_flow_usd_millions,188.0,2.3
2024-10-25,etf_cumulative_net_flow_usd_millions,21509.0,-504.3
2024-10-25,etf_net_flow_usd_millions,396.1,-19.2
2024-10-26,etf_cumulative_net_flow_usd_millions,21509.0,-504.3
2024-10-26,etf_net_flow_usd_millions,0.0,0.0
2024-10-27,etf_cumulative_net_flow_usd_millions,21509.0,-504.3
2024-10-27,etf_net_flow_usd_millions,0.0,0.0
2024-10-28,etf_cumulative_net_flow_usd_millions,21966.8,-505.4
2024-10-28,etf_net_flow_usd_millions,457.8,-1.1
2024-10-29,etf_cumulative_net_flow_usd_millions,22807.7,-497.8
2024-10-29,etf_net_flow_usd_millions,840.9,7.6
2024-10-30,etf_cumulative_net_flow_usd_millions,23693.0,-493.4
2024-10-30,etf_net_flow_usd_millions,885.3,4.4
2024-10-31,etf_cumulative_net_flow_usd_millions,23725.3,-480.4
2024-10-31,etf_net_flow_usd_millions,32.3,13.0
2024-11-01,etf_cumulative_net_flow_usd_millions,23656.9,-491.3
2024-11-01,etf_net_flow_usd_millions,-68.4,-10.9
2024-11-02,etf_cumulative_net_flow_usd_millions,23656.9,-491.3
2024-11-02,etf_net_flow_usd_millions,0.0,0.0
2024-11-03,etf_cumulative_net_flow_usd_millions,23656.9,-491.3
2024-11-03,etf_net_flow_usd_millions,0.0,0.0
2024-11-04,etf_cumulative_net_flow_usd_millions,23205.3,-554.5
2024-11-04,etf_net_flow_usd_millions,-451.6,-63.2
2024-11-05,etf_cumulative_net_flow_usd_millions,23088.5,-554.5
2024-11-05,etf_net_flow_usd_millions,-116.8,0.0
2024-11-06,etf_cumulative_net_flow_usd_millions,23601.6,-502.2
2024-11-06,etf_net_flow_usd_millions,513.1,52.3
2024-11-07,etf_cumulative_net_flow_usd_millions,24955.0,-422.5
2024-11-07,etf_net_flow_usd_millions,1353.4,79.7
2024-11-08,etf_cumulative_net_flow_usd_millions,25248.4,-336.6
2024-11-08,etf_net_flow_usd_millions,293.4,85.9
2024-11-09,etf_cumulative_net_flow_usd_millions,25248.4,-336.6
2024-11-09,etf_net_flow_usd_millions,0.0,0.0
2024-11-10,etf_cumulative_net_flow_usd_millions,25248.4,-336.6
2024-11-10,etf_net_flow_usd_millions,0.0,0.0
2024-11-11,etf_cumulative_net_flow_usd_millions,26334.3,-41.1
2024-11-11,etf_net_flow_usd_millions,1085.9,295.5
2024-11-12,etf_cumulative_net_flow_usd_millions,27136.7,94.8
2024-11-12,etf_net_flow_usd_millions,802.4,135.9
2024-11-13,etf_cumulative_net_flow_usd_millions,27585.5,241.7
2024-11-13,etf_net_flow_usd_millions,448.8,146.9
2024-11-14,etf_cumulative_net_flow_usd_millions,27190.1,238.5
2024-11-14,etf_net_flow_usd_millions,-395.4,-3.2
2024-11-15,etf_cumulative_net_flow_usd_millions,26867.1,178.7
2024-11-15,etf_net_flow_usd_millions,-323.0,-59.8
2024-11-16,etf_cumulative_net_flow_usd_millions,26867.1,178.7
2024-11-16,etf_net_flow_usd_millions,0.0,0.0
2024-11-17,etf_cumulative_net_flow_usd_millions,26867.1,178.7
2024-11-17,etf_net_flow_usd_millions,0.0,0.0
2024-11-18,etf_cumulative_net_flow_usd_millions,27067.5,139.6
2024-11-18,etf_net_flow_usd_millions,200.4,-39.1
2024-11-19,etf_cumulative_net_flow_usd_millions,27883.9,58.3
2024-11-19,etf_net_flow_usd_millions,816.4,-81.3
2024-11-20,etf_cumulative_net_flow_usd_millions,28657.3,28.0
2024-11-20,etf_net_flow_usd_millions,773.4,-30.3
2024-11-21,etf_cumulative_net_flow_usd_millions,29655.4,19.0
2024-11-21,etf_net_flow_usd_millions,998.1,-9.0
2024-11-22,etf_cumulative_net_flow_usd_millions,30140.0,110.3
2024-11-22,etf_net_flow_usd_millions,484.6,91.3
2024-11-23,etf_cumulative_net_flow_usd_millions,30140.0,110.3
2024-11-23,etf_net_flow_usd_millions,0.0,0.0
2024-11-24,etf_cumulative_net_flow_usd_millions,30140.0,110.3
2024-11-24,etf_net_flow_usd_millions,0.0,0.0
2024-11-25,etf_cumulative_net_flow_usd_millions,29704.3,113.2
2024-11-25,etf_net_flow_usd_millions,-435.7,2.9
2024-11-26,etf_cumulative_net_flow_usd_millions,29576.7,153.8
2024-11-26,etf_net_flow_usd_millions,-127.6,40.6
2024-11-27,etf_cumulative_net_flow_usd_millions,29667.7,243.9
2024-11-27,etf_net_flow_usd_millions,91.0,90.1
2024-11-28,etf_cumulative_net_flow_usd_millions,29667.7,243.9
2024-11-28,etf_net_flow_usd_millions,0.0,0.0
2024-11-29,etf_cumulative_net_flow_usd_millions,29979.1,576.8
2024-11-29,etf_net_flow_usd_millions,311.4,332.9
2024-11-30,etf_cumulative_net_flow_usd_millions,29979.1,576.8
2024-11-30,etf_net_flow_usd_millions,0.0,0.0
2024-12-01,etf_cumulative_net_flow_usd_millions,29979.1,576.8
2024-12-01,etf_net_flow_usd_millions,0.0,0.0
2024-12-02,etf_cumulative_net_flow_usd_millions,30326.3,601.0
2024-12-02,etf_net_flow_usd_millions,347.2,24.2
2024-12-03,etf_cumulative_net_flow_usd_millions,31002.3,733.6
2024-12-03,etf_net_flow_usd_millions,676.0,132.6
2024-12-04,etf_cumulative_net_flow_usd_millions,31503.4,901.3
2024-12-04,etf_net_flow_usd_millions,501.1,167.7
2024-12-05,etf_cumulative_net_flow_usd_millions,32174.7,1329.8
2024-12-05,etf_net_flow_usd_millions,671.3,428.5
2024-12-06,etf_cumulative_net_flow_usd_millions,32544.5,1413.6
2024-12-06,etf_net_flow_usd_millions,369.8,83.8
2024-12-07,etf_cumulative_net_flow_usd_millions,32544.5,1413.6
2024-12-07,etf_net_flow_usd_millions,0.0,0.0
2024-12-08,etf_cumulative_net_flow_usd_millions,32544.5,1413.6
2024-12-08,etf_net_flow_usd_millions,0.0,0.0
2024-12-09,etf_cumulative_net_flow_usd_millions,33016.4,1563.4
2024-12-09,etf_net_flow_usd_millions,471.9,149.8
2024-12-10,etf_cumulative_net_flow_usd_millions,33448.5,1869.1
2024-12-10,etf_net_flow_usd_millions,432.1,305.7
2024-12-11,etf_cumulative_net_flow_usd_millions,33655.9,1971.1
2024-12-11,etf_net_flow_usd_millions,207.4,102.0
2024-12-12,etf_cumulative_net_flow_usd_millions,34142.6,2244.8
2024-12-12,etf_net_flow_usd_millions,486.7,273.7
2024-12-13,etf_cumulative_net_flow_usd_millions,34567.0,2268.4
2024-12-13,etf_net_flow_usd_millions,424.4,23.6
2024-12-14,etf_cumulative_net_flow_usd_millions,34567.0,2268.4
2024-12-14,etf_net_flow_usd_millions,0.0,0.0
2024-12-15,etf_cumulative_net_flow_usd_millions,34567.0,2268.4
2024-12-15,etf_net_flow_usd_millions,0.0,0.0
2024-12-16,etf_cumulative_net_flow_usd_millions,35197.3,2319.5
2024-12-16,etf_net_flow_usd_millions,630.3,51.1
2024-12-17,etf_cumulative_net_flow_usd_millions,35687.4,2464.2
2024-12-17,etf_net_flow_usd_millions,490.1,144.7
2024-12-18,etf_cumulative_net_flow_usd_millions,35962.7,2466.7
2024-12-18,etf_net_flow_usd_millions,275.3,2.5
2024-12-19,etf_cumulative_net_flow_usd_millions,35479.4,2406.2
2024-12-19,etf_net_flow_usd_millions,-483.3,-60.5
2024-12-20,etf_cumulative_net_flow_usd_millions,35196.0,2331.1
2024-12-20,etf_net_flow_usd_millions,-283.4,-75.1
2024-12-21,etf_cumulative_net_flow_usd_millions,35196.0,2331.1
2024-12-21,etf_net_flow_usd_millions,0.0,0.0
2024-12-22,etf_cumulative_net_flow_usd_millions,35196.0,2331.1
2024-12-22,etf_net_flow_usd_millions,0.0,0.0
2024-12-23,etf_cumulative_net_flow_usd_millions,34975.7,2461.9
2024-12-23,etf_net_flow_usd_millions,-220.3,130.8
2024-12-24,etf_cumulative_net_flow_usd_millions,34637.3,2515.5
2024-12-24,etf_net_flow_usd_millions,-338.4,53.6
2024-12-25,etf_cumulative_net_flow_usd_millions,34637.3,2515.5
2024-12-25,etf_net_flow_usd_millions,0.0,0.0
2024-12-26,etf_cumulative_net_flow_usd_millions,35105.3,2632.7
2024-12-26,etf_net_flow_usd_millions,468.0,117.2
2024-12-27,etf_cumulative_net_flow_usd_millions,34817.4,2680.4
2024-12-27,etf_net_flow_usd_millions,-287.9,47.7
2024-12-28,etf_cumulative_net_flow_usd_millions,34817.4,2680.4
2024-12-28,etf_net_flow_usd_millions,0.0,0.0
2024-12-29,etf_cumulative_net_flow_usd_millions,34817.4,2680.4
2024-12-29,etf_net_flow_usd_millions,0.0,0.0
2024-12-30,etf_cumulative_net_flow_usd_millions,34434.0,2624.9
2024-12-30,etf_net_flow_usd_millions,-383.4,-55.5
2024-12-31,etf_cumulative_net_flow_usd_millions,34435.2,2660.9
2024-12-31,etf_net_flow_usd_millions,1.2,36.0
2025-01-01,etf_cumulative_net_flow_usd_millions,34435.2,2660.9
2025-01-01,etf_net_flow_usd_millions,0.0,0.0
2025-01-02,etf_cumulative_net_flow_usd_millions,34186.0,2583.4
2025-01-02,etf_net_flow_usd_millions,-249.2,-77.5
2025-01-03,etf_cumulative_net_flow_usd_millions,35085.4,2642.3
2025-01-03,etf_net_flow_usd_millions,899.4,58.9
2025-01-04,etf_cumulative_net_flow_usd_millions,35085.4,2642.3
2025-01-04,etf_net_flow_usd_millions,0.0,0.0
2025-01-05,etf_cumulative_net_flow_usd_millions,35085.4,2642.3
2025-01-05,etf_net_flow_usd_millions,0.0,0.0
2025-01-06,etf_cumulative_net_flow_usd_millions,35988.8,2771.0
2025-01-06,etf_net_flow_usd_millions,903.4,128.7
2025-01-07,etf_cumulative_net_flow_usd_millions,36041.2,2684.2
2025-01-07,etf_net_flow_usd_millions,52.4,-86.8
2025-01-08,etf_cumulative_net_flow_usd_millions,35472.4,2524.8
2025-01-08,etf_net_flow_usd_millions,-568.8,-159.4
2025-01-09,etf_cumulative_net_flow_usd_millions,35472.4,2524.8
2025-01-09,etf_net_flow_usd_millions,0.0,0.0
2025-01-10,etf_cumulative_net_flow_usd_millions,35323.0,2456.3
2025-01-10,etf_net_flow_usd_millions,-149.4,-68.5
2025-01-11,etf_cumulative_net_flow_usd_millions,35323.0,2456.3
2025-01-11,etf_net_flow_usd_millions,0.0,0.0
2025-01-12,etf_cumulative_net_flow_usd_millions,35323.0,2456.3
2025-01-12,etf_net_flow_usd_millions,0.0,0.0
2025-01-13,etf_cumulative_net_flow_usd_millions,35038.9,2416.9
2025-01-13,etf_net_flow_usd_millions,-284.1,-39.4
2025-01-14,etf_cumulative_net_flow_usd_millions,34829.1,2418.1
2025-01-14,etf_net_flow_usd_millions,-209.8,1.2
2025-01-15,etf_cumulative_net_flow_usd_millions,35570.5,2477.8
2025-01-15,etf_net_flow_usd_millions,741.4,59.7
2025-01-16,etf_cumulative_net_flow_usd_millions,36196.6,2644.4
2025-01-16,etf_net_flow_usd_millions,626.1,166.6
2025-01-17,etf_cumulative_net_flow_usd_millions,37247.6,2668.3
2025-01-17,etf_net_flow_usd_millions,1051.0,23.9
2025-01-18,etf_cumulative_net_flow_usd_millions,37247.6,2668.3
2025-01-18,etf_net_flow_usd_millions,0.0,0.0
2025-01-19,etf_cumulative_net_flow_usd_millions,37247.6,2668.3
2025-01-19,etf_net_flow_usd_millions,0.0,0.0
2025-01-20,etf_cumulative_net_flow_usd_millions,37247.6,2668.3
2025-01-20,etf_net_flow_usd_millions,0.0,0.0
2025-01-21,etf_cumulative_net_flow_usd_millions,37913.8,2742.7
2025-01-21,etf_net_flow_usd_millions,666.2,74.4
2025-01-22,etf_cumulative_net_flow_usd_millions,38162.5,2813.4
2025-01-22,etf_net_flow_usd_millions,248.7,70.7
2025-01-23,etf_cumulative_net_flow_usd_millions,38339.3,2798.5
2025-01-23,etf_net_flow_usd_millions,176.8,-14.9
2025-01-24,etf_cumulative_net_flow_usd_millions,38844.0,2807.7
2025-01-24,etf_net_flow_usd_millions,504.7,9.2
2025-01-25,etf_cumulative_net_flow_usd_millions,38844.0,2807.7
2025-01-25,etf_net_flow_usd_millions,0.0,0.0
2025-01-26,etf_cumulative_net_flow_usd_millions,38844.0,2807.7
2025-01-26,etf_net_flow_usd_millions,0.0,0.0
2025-01-27,etf_cumulative_net_flow_usd_millions,38386.4,2671.5
2025-01-27,etf_net_flow_usd_millions,-457.6,-136.2
2025-01-28,etf_cumulative_net_flow_usd_millions,38404.8,2671.5
2025-01-28,etf_net_flow_usd_millions,18.4,0.0
2025-01-29,etf_cumulative_net_flow_usd_millions,38390.6,2666.8
2025-01-29,etf_net_flow_usd_millions,-14.2,-4.7
2025-01-30,etf_cumulative_net_flow_usd_millions,38974.1,2734.6
2025-01-30,etf_net_flow_usd_millions,583.5,67.8
2025-01-31,etf_cumulative_net_flow_usd_millions,39292.7,2762.4
2025-01-31,etf_net_flow_usd_millions,318.6,27.8
2025-02-01,etf_cumulative_net_flow_usd_millions,39292.7,2762.4
2025-02-01,etf_net_flow_usd_millions,0.0,0.0
2025-02-02,etf_cumulative_net_flow_usd_millions,39292.7,2762.4
2025-02-02,etf_net_flow_usd_millions,0.0,0.0
2025-02-03,etf_cumulative_net_flow_usd_millions,39058.3,2846.0
2025-02-03,etf_net_flow_usd_millions,-234.4,83.6
2025-02-04,etf_cumulative_net_flow_usd_millions,39399.0,3153.8
2025-02-04,etf_net_flow_usd_millions,340.7,307.8
2025-02-05,etf_cumulative_net_flow_usd_millions,39465.4,3171.9
2025-02-05,etf_net_flow_usd_millions,66.4,18.1
2025-02-06,etf_cumulative_net_flow_usd_millions,39320.0,3182.6
2025-02-06,etf_net_flow_usd_millions,-145.4,10.7
2025-02-07,etf_cumulative_net_flow_usd_millions,39491.3,3182.6
2025-02-07,etf_net_flow_usd_millions,171.3,0.0
2025-02-08,etf_cumulative_net_flow_usd_millions,39491.3,3182.6
2025-02-08,etf_net_flow_usd_millions,0.0,0.0
2025-02-09,etf_cumulative_net_flow_usd_millions,39491.3,3182.6
2025-02-09,etf_net_flow_usd_millions,0.0,0.0
2025-02-10,etf_cumulative_net_flow_usd_millions,39305.0,3160.1
2025-02-10,etf_net_flow_usd_millions,-186.3,-22.5
2025-02-11,etf_cumulative_net_flow_usd_millions,39248.3,3172.7
2025-02-11,etf_net_flow_usd_millions,-56.7,12.6
2025-02-12,etf_cumulative_net_flow_usd_millions,38981.0,3131.8
2025-02-12,etf_net_flow_usd_millions,-267.3,-40.9
2025-02-13,etf_cumulative_net_flow_usd_millions,38823.2,3144.6
2025-02-13,etf_net_flow_usd_millions,-157.8,12.8
2025-02-14,etf_cumulative_net_flow_usd_millions,38882.9,3156.3
2025-02-14,etf_net_flow_usd_millions,59.7,11.7
2025-02-15,etf_cumulative_net_flow_usd_millions,38882.9,3156.3
2025-02-15,etf_net_flow_usd_millions,0.0,0.0
2025-02-16,etf_cumulative_net_flow_usd_millions,38882.9,3156.3
2025-02-16,etf_net_flow_usd_millions,0.0,0.0
2025-02-17,etf_cumulative_net_flow_usd_millions,38882.9,3156.3
2025-02-17,etf_net_flow_usd_millions,0.0,0.0
2025-02-18,etf_cumulative_net_flow_usd_millions,38822.2,3160.9
2025-02-18,etf_net_flow_usd_millions,-60.7,4.6
2025-02-19,etf_cumulative_net_flow_usd_millions,38751.0,3179.9
2025-02-19,etf_net_flow_usd_millions,-71.2,19.0
2025-02-20,etf_cumulative_net_flow_usd_millions,38447.3,3166.8
2025-02-20,etf_net_flow_usd_millions,-303.7,-13.1
2025-02-21,etf_cumulative_net_flow_usd_millions,38384.4,3157.9
2025-02-21,etf_net_flow_usd_millions,-62.9,-8.9
2025-02-22,etf_cumulative_net_flow_usd_millions,38384.4,3157.9
2025-02-22,etf_net_flow_usd_millions,0.0,0.0
2025-02-23,etf_cumulative_net_flow_usd_millions,38384.4,3157.9
2025-02-23,etf_net_flow_usd_millions,0.0,0.0
2025-02-24,etf_cumulative_net_flow_usd_millions,37824.7,3079.9
2025-02-24,etf_net_flow_usd_millions,-559.7,-78.0
2025-02-25,etf_cumulative_net_flow_usd_millions,36796.8,3029.8
2025-02-25,etf_net_flow_usd_millions,-1027.9,-50.1
2025-02-26,etf_cumulative_net_flow_usd_millions,36095.0,2935.5
2025-02-26,etf_net_flow_usd_millions,-701.8,-94.3
2025-02-27,etf_cumulative_net_flow_usd_millions,35824.6,2864.3
2025-02-27,etf_net_flow_usd_millions,-270.4,-71.2
2025-02-28,etf_cumulative_net_flow_usd_millions,35913.3,2822.4
2025-02-28,etf_net_flow_usd_millions,88.7,-41.9
2025-03-01,etf_cumulative_net_flow_usd_millions,35913.3,2822.4
2025-03-01,etf_net_flow_usd_millions,0.0,0.0
2025-03-02,etf_cumulative_net_flow_usd_millions,35913.3,2822.4
2025-03-02,etf_net_flow_usd_millions,0.0,0.0
2025-03-03,etf_cumulative_net_flow_usd_millions,35839.1,2810.3
2025-03-03,etf_net_flow_usd_millions,-74.2,-12.1
2025-03-04,etf_cumulative_net_flow_usd_millions,35659.8,2824.9
2025-03-04,etf_net_flow_usd_millions,-179.3,14.6
2025-03-05,etf_cumulative_net_flow_usd_millions,35621.5,2761.6
2025-03-05,etf_net_flow_usd_millions,-38.3,-63.3
2025-03-06,etf_cumulative_net_flow_usd_millions,35487.2,2751.6
2025-03-06,etf_net_flow_usd_millions,-134.3,-10.0
2025-03-07,etf_cumulative_net_flow_usd_millions,35077.9,2728.5
2025-03-07,etf_net_flow_usd_millions,-409.3,-23.1
2025-03-08,etf_cumulative_net_flow_usd_millions,35077.9,2728.5
2025-03-08,etf_net_flow_usd_millions,0.0,0.0
2025-03-09,etf_cumulative_net_flow_usd_millions,35077.9,2728.5
2025-03-09,etf_net_flow_usd_millions,0.0,0.0
2025-03-10,etf_cumulative_net_flow_usd_millions,34705.4,2691.0
2025-03-10,etf_net_flow_usd_millions,-372.5,-37.5
2025-03-11,etf_cumulative_net_flow_usd_millions,34309.1,2669.4
2025-03-11,etf_net_flow_usd_millions,-396.3,-21.6
2025-03-12,etf_cumulative_net_flow_usd_millions,34316.9,2659.1
2025-03-12,etf_net_flow_usd_millions,7.8,-10.3
2025-03-13,etf_cumulative_net_flow_usd_millions,34173.5,2585.5
2025-03-13,etf_net_flow_usd_millions,-143.4,-73.6
2025-03-14,etf_cumulative_net_flow_usd_millions,34214.8,2538.6
2025-03-14,etf_net_flow_usd_millions,41.3,-46.9
2025-03-15,etf_cumulative_net_flow_usd_millions,34214.8,2538.6
2025-03-15,etf_net_flow_usd_millions,0.0,0.0
2025-03-16,etf_cumulative_net_flow_usd_millions,34214.8,2538.6
2025-03-16,etf_net_flow_usd_millions,0.0,0.0
2025-03-17,etf_cumulative_net_flow_usd_millions,34475.2,2531.3
2025-03-17,etf_net_flow_usd_millions,260.4,-7.3
2025-03-18,etf_cumulative_net_flow_usd_millions,34684.3,2478.5
2025-03-18,etf_net_flow_usd_millions,209.1,-52.8
2025-03-19,etf_cumulative_net_flow_usd_millions,34691.6,2466.8
2025-03-19,etf_net_flow_usd_millions,7.3,-11.7
2025-03-20,etf_cumulative_net_flow_usd_millions,34852.1,2454.3
2025-03-20,etf_net_flow_usd_millions,160.5,-12.5
2025-03-21,etf_cumulative_net_flow_usd_millions,34935.2,2435.7
2025-03-21,etf_net_flow_usd_millions,83.1,-18.6
2025-03-22,etf_cumulative_net_flow_usd_millions,34935.2,2435.7
2025-03-22,etf_net_flow_usd_millions,0.0,0.0
2025-03-23,etf_cumulative_net_flow_usd_millions,34935.2,2435.7
2025-03-23,etf_net_flow_usd_millions,0.0,0.0
2025-03-24,etf_cumulative_net_flow_usd_millions,35014.9,2435.7
2025-03-24,etf_net_flow_usd_millions,79.7,0.0
2025-03-25,etf_cumulative_net_flow_usd_millions,35041.7,2432.4
2025-03-25,etf_net_flow_usd_millions,26.8,-3.3
2025-03-26,etf_cumulative_net_flow_usd_millions,35131.3,2426.5
2025-03-26,etf_net_flow_usd_millions,89.6,-5.9
2025-03-27,etf_cumulative_net_flow_usd_millions,35213.0,2422.3
2025-03-27,etf_net_flow_usd_millions,81.7,-4.2
2025-03-28,etf_cumulative_net_flow_usd_millions,35118.1,2427.0
2025-03-28,etf_net_flow_usd_millions,-94.9,4.7
2025-03-29,etf_cumulative_net_flow_usd_millions,35118.1,2427.0
2025-03-29,etf_net_flow_usd_millions,0.0,0.0
2025-03-30,etf_cumulative_net_flow_usd_millions,35118.1,2427.0
2025-03-30,etf_net_flow_usd_millions,0.0,0.0
2025-03-31,etf_cumulative_net_flow_usd_millions,35046.9,2433.4
2025-03-31,etf_net_flow_usd_millions,-71.2,6.4
2025-04-01,etf_cumulative_net_flow_usd_millions,34889.1,2429.8
2025-04-01,etf_net_flow_usd_millions,-157.8,-3.6
2025-04-02,etf_cumulative_net_flow_usd_millions,35075.6,2378.5
2025-04-02,etf_net_flow_usd_millions,186.5,-51.3
2025-04-03,etf_cumulative_net_flow_usd_millions,34975.8,2374.9
2025-04-03,etf_net_flow_usd_millions,-99.8,-3.6
2025-04-04,etf_cumulative_net_flow_usd_millions,34910.9,2377.0
2025-04-04,etf_net_flow_usd_millions,-64.9,2.1
2025-04-05,etf_cumulative_net_flow_usd_millions,34910.9,2377.0
2025-04-05,etf_net_flow_usd_millions,0.0,0.0
2025-04-06,etf_cumulative_net_flow_usd_millions,34910.9,2377.0
2025-04-06,etf_net_flow_usd_millions,0.0,0.0
2025-04-07,etf_cumulative_net_flow_usd_millions,34801.7,2377.0
2025-04-07,etf_net_flow_usd_millions,-109.2,0.0
2025-04-08,etf_cumulative_net_flow_usd_millions,34481.2,2373.7
2025-04-08,etf_net_flow_usd_millions,-320.5,-3.3
2025-04-09,etf_cumulative_net_flow_usd_millions,34354.0,2362.5
2025-04-09,etf_net_flow_usd_millions,-127.2,-11.2
2025-04-10,etf_cumulative_net_flow_usd_millions,34194.6,2323.7
2025-04-10,etf_net_flow_usd_millions,-159.4,-38.8
2025-04-11,etf_cumulative_net_flow_usd_millions,34193.6,2294.5
2025-04-11,etf_net_flow_usd_millions,-1.0,-29.2
2025-04-12,etf_cumulative_net_flow_usd_millions,34193.6,2294.5
2025-04-12,etf_net_flow_usd_millions,0.0,0.0
2025-04-13,etf_cumulative_net_flow_usd_millions,34193.6,2294.5
2025-04-13,etf_net_flow_usd_millions,0.0,0.0
2025-04-14,etf_cumulative_net_flow_usd_millions,34195.1,2288.5
2025-04-14,etf_net_flow_usd_millions,1.5,-6.0
2025-04-15,etf_cumulative_net_flow_usd_millions,34262.6,2274.3
2025-04-15,etf_net_flow_usd_millions,67.5,-14.2
2025-04-16,etf_cumulative_net_flow_usd_millions,34089.4,2262.2
2025-04-16,etf_net_flow_usd_millions,-173.2,-12.1
2025-04-17,etf_cumulative_net_flow_usd_millions,34196.3,2262.2
2025-04-17,etf_net_flow_usd_millions,106.9,0.0
2025-04-18,etf_cumulative_net_flow_usd_millions,34196.3,2262.2
2025-04-18,etf_net_flow_usd_millions,0.0,0.0
2025-04-19,etf_cumulative_net_flow_usd_millions,34196.3,2262.2
2025-04-19,etf_net_flow_usd_millions,0.0,0.0
2025-04-20,etf_cumulative_net_flow_usd_millions,34196.3,2262.2
2025-04-20,etf_net_flow_usd_millions,0.0,0.0
2025-04-21,etf_cumulative_net_flow_usd_millions,34551.2,2236.8
2025-04-21,etf_net_flow_usd_millions,354.9,-25.4
2025-04-22,etf_cumulative_net_flow_usd_millions,35466.6,2275.6
2025-04-22,etf_net_flow_usd_millions,915.4,38.8
2025-04-23,etf_cumulative_net_flow_usd_millions,36353.8,2251.7
2025-04-23,etf_net_flow_usd_millions,887.2,-23.9
2025-04-24,etf_cumulative_net_flow_usd_millions,36795.8,2315.2
2025-04-24,etf_net_flow_usd_millions,442.0,63.5
2025-04-25,etf_cumulative_net_flow_usd_millions,37155.9,2419.3
2025-04-25,etf_net_flow_usd_millions,360.1,104.1
2025-04-26,etf_cumulative_net_flow_usd_millions,37155.9,2419.3
2025-04-26,etf_net_flow_usd_millions,0.0,0.0
2025-04-27,etf_cumulative_net_flow_usd_millions,37155.9,2419.3
2025-04-27,etf_net_flow_usd_millions,0.0,0.0
2025-04-28,etf_cumulative_net_flow_usd_millions,37747.1,2483.4
2025-04-28,etf_net_flow_usd_millions,591.2,64.1
2025-04-29,etf_cumulative_net_flow_usd_millions,37919.9,2501.8
2025-04-29,etf_net_flow_usd_millions,172.8,18.4
2025-04-30,etf_cumulative_net_flow_usd_millions,37863.6,2499.5
2025-04-30,etf_net_flow_usd_millions,-56.3,-2.3
2025-05-01,etf_cumulative_net_flow_usd_millions,38244.2,2506.0
2025-05-01,etf_net_flow_usd_millions,380.6,6.5
2025-05-02,etf_cumulative_net_flow_usd_millions,38919.1,2526.1
2025-05-02,etf_net_flow_usd_millions,674.9,20.1
2025-05-03,etf_cumulative_net_flow_usd_millions,38919.1,2526.1
2025-05-03,etf_net_flow_usd_millions,0.0,0.0
2025-05-04,etf_cumulative_net_flow_usd_millions,38919.1,2526.1
2025-05-04,etf_net_flow_usd_millions,0.0,0.0
2025-05-05,etf_cumulative_net_flow_usd_millions,39344.6,2526.1
2025-05-05,etf_net_flow_usd_millions,425.5,0.0
2025-05-06,etf_cumulative_net_flow_usd_millions,39258.9,2508.2
2025-05-06,etf_net_flow_usd_millions,-85.7,-17.9
2025-05-07,etf_cumulative_net_flow_usd_millions,39401.2,2486.4
2025-05-07,etf_net_flow_usd_millions,142.3,-21.8
2025-05-08,etf_cumulative_net_flow_usd_millions,39518.6,2470.3
2025-05-08,etf_net_flow_usd_millions,117.4,-16.1
2025-05-09,etf_cumulative_net_flow_usd_millions,39853.1,2487.9
2025-05-09,etf_net_flow_usd_millions,334.5,17.6
2025-05-10,etf_cumulative_net_flow_usd_millions,39853.1,2487.9
2025-05-10,etf_net_flow_usd_millions,0.0,0.0
2025-05-11,etf_cumulative_net_flow_usd_millions,39853.1,2487.9
2025-05-11,etf_net_flow_usd_millions,0.0,0.0
2025-05-12,etf_cumulative_net_flow_usd_millions,39858.3,2470.3
2025-05-12,etf_net_flow_usd_millions,5.2,-17.6
2025-05-13,etf_cumulative_net_flow_usd_millions,39766.9,2483.8
2025-05-13,etf_net_flow_usd_millions,-91.4,13.5
2025-05-14,etf_cumulative_net_flow_usd_millions,40051.2,2547.3
2025-05-14,etf_net_flow_usd_millions,284.3,63.5
2025-05-15,etf_cumulative_net_flow_usd_millions,40166.1,2507.5
2025-05-15,etf_net_flow_usd_millions,114.9,-39.8
2025-05-16,etf_cumulative_net_flow_usd_millions,40421.7,2529.7
2025-05-16,etf_net_flow_usd_millions,255.6,22.2
2025-05-17,etf_cumulative_net_flow_usd_millions,40421.7,2529.7
2025-05-17,etf_net_flow_usd_millions,0.0,0.0
2025-05-18,etf_cumulative_net_flow_usd_millions,40421.7,2529.7
2025-05-18,etf_net_flow_usd_millions,0.0,0.0
2025-05-19,etf_cumulative_net_flow_usd_millions,41089.1,2543.4
2025-05-19,etf_net_flow_usd_millions,667.4,13.7
2025-05-20,etf_cumulative_net_flow_usd_millions,41412.1,2608.2
2025-05-20,etf_net_flow_usd_millions,323.0,64.8
2025-05-21,etf_cumulative_net_flow_usd_millions,41997.1,2608.8
2025-05-21,etf_net_flow_usd_millions,585.0,0.6
2025-05-22,etf_cumulative_net_flow_usd_millions,42931.9,2719.3
2025-05-22,etf_net_flow_usd_millions,934.8,110.5
2025-05-23,etf_cumulative_net_flow_usd_millions,43143.6,2777.9
2025-05-23,etf_net_flow_usd_millions,211.7,58.6
2025-05-24,etf_cumulative_net_flow_usd_millions,43143.6,2777.9
2025-05-24,etf_net_flow_usd_millions,0.0,0.0
2025-05-25,etf_cumulative_net_flow_usd_millions,43143.6,2777.9
2025-05-25,etf_net_flow_usd_millions,0.0,0.0
2025-05-26,etf_cumulative_net_flow_usd_millions,43143.6,2777.9
2025-05-26,etf_net_flow_usd_millions,0.0,0.0
2025-05-27,etf_cumulative_net_flow_usd_millions,43493.0,2816.7
2025-05-27,etf_net_flow_usd_millions,349.4,38.8
2025-05-28,etf_cumulative_net_flow_usd_millions,43925.7,2901.6
2025-05-28,etf_net_flow_usd_millions,432.7,84.9
2025-05-29,etf_cumulative_net_flow_usd_millions,43578.9,2993.5
2025-05-29,etf_net_flow_usd_millions,-346.8,91.9
2025-05-30,etf_cumulative_net_flow_usd_millions,42979.0,3063.7
2025-05-30,etf_net_flow_usd_millions,-599.9,70.2
2025-05-31,etf_cumulative_net_flow_usd_millions,42979.0,3063.7
2025-05-31,etf_net_flow_usd_millions,0.0,0.0
2025-06-01,etf_cumulative_net_flow_usd_millions,42979.0,3063.7
2025-06-01,etf_net_flow_usd_millions,0.0,0.0
2025-06-02,etf_cumulative_net_flow_usd_millions,42711.5,3141.9
2025-06-02,etf_net_flow_usd_millions,-267.5,78.2
2025-06-03,etf_cumulative_net_flow_usd_millions,43079.5,3251.4
2025-06-03,etf_net_flow_usd_millions,368.0,109.5
2025-06-04,etf_cumulative_net_flow_usd_millions,43166.5,3308.4
2025-06-04,etf_net_flow_usd_millions,87.0,57.0
2025-06-05,etf_cumulative_net_flow_usd_millions,42904.8,3319.7
2025-06-05,etf_net_flow_usd_millions,-261.7,11.3
2025-06-06,etf_cumulative_net_flow_usd_millions,42847.8,3345.0
2025-06-06,etf_net_flow_usd_millions,-57.0,25.3
2025-06-07,etf_cumulative_net_flow_usd_millions,42847.8,3345.0
2025-06-07,etf_net_flow_usd_millions,0.0,0.0
2025-06-08,etf_cumulative_net_flow_usd_millions,42847.8,3345.0
2025-06-08,etf_net_flow_usd_millions,0.0,0.0
2025-06-09,etf_cumulative_net_flow_usd_millions,43228.7,3397.7
2025-06-09,etf_net_flow_usd_millions,380.9,52.7
2025-06-10,etf_cumulative_net_flow_usd_millions,43659.9,3522.7
2025-06-10,etf_net_flow_usd_millions,431.2,125.0
2025-06-11,etf_cumulative_net_flow_usd_millions,43824.5,3763.0
2025-06-11,etf_net_flow_usd_millions,164.6,240.3
2025-06-12,etf_cumulative_net_flow_usd_millions,43910.8,3875.3
2025-06-12,etf_net_flow_usd_millions,86.3,112.3
2025-06-13,etf_cumulative_net_flow_usd_millions,44226.0,3873.2
2025-06-13,etf_net_flow_usd_millions,315.2,-2.1
2025-06-14,etf_cumulative_net_flow_usd_millions,44226.0,3873.2
2025-06-14,etf_net_flow_usd_millions,0.0,0.0
2025-06-15,etf_cumulative_net_flow_usd_millions,44226.0,3873.2
2025-06-15,etf_net_flow_usd_millions,0.0,0.0
2025-06-16,etf_cumulative_net_flow_usd_millions,44633.4,3894.6
2025-06-16,etf_net_flow_usd_millions,407.4,21.4
2025-06-17,etf_cumulative_net_flow_usd_millions,44849.9,3905.7
2025-06-17,etf_net_flow_usd_millions,216.5,11.1
2025-06-18,etf_cumulative_net_flow_usd_millions,45228.1,3924.8
2025-06-18,etf_net_flow_usd_millions,378.2,19.1
2025-06-19,etf_cumulative_net_flow_usd_millions,45228.1,3924.8
2025-06-19,etf_net_flow_usd_millions,0.0,0.0
2025-06-20,etf_cumulative_net_flow_usd_millions,45234.5,3913.5
2025-06-20,etf_net_flow_usd_millions,6.4,-11.3
2025-06-21,etf_cumulative_net_flow_usd_millions,45234.5,3913.5
2025-06-21,etf_net_flow_usd_millions,0.0,0.0
2025-06-22,etf_cumulative_net_flow_usd_millions,45234.5,3913.5
2025-06-22,etf_net_flow_usd_millions,0.0,0.0
2025-06-23,etf_cumulative_net_flow_usd_millions,45575.0,4014.2
2025-06-23,etf_net_flow_usd_millions,340.5,100.7
2025-06-24,etf_cumulative_net_flow_usd_millions,46156.1,4085.5
2025-06-24,etf_net_flow_usd_millions,581.1,71.3
2025-06-25,etf_cumulative_net_flow_usd_millions,46703.8,4145.9
2025-06-25,etf_net_flow_usd_millions,547.7,60.4
2025-06-26,etf_cumulative_net_flow_usd_millions,46930.5,4119.5
2025-06-26,etf_net_flow_usd_millions,226.7,-26.4
2025-06-27,etf_cumulative_net_flow_usd_millions,47423.7,4197.0
2025-06-27,etf_net_flow_usd_millions,493.2,77.5
2025-06-28,etf_cumulative_net_flow_usd_millions,47423.7,4197.0
2025-06-28,etf_net_flow_usd_millions,0.0,0.0
2025-06-29,etf_cumulative_net_flow_usd_millions,47423.7,4197.0
2025-06-29,etf_net_flow_usd_millions,0.0,0.0
2025-06-30,etf_cumulative_net_flow_usd_millions,47525.8,4228.8
2025-06-30,etf_net_flow_usd_millions,102.1,31.8
2025-07-01,etf_cumulative_net_flow_usd_millions,47183.6,4269.5
2025-07-01,etf_net_flow_usd_millions,-342.2,40.7
2025-07-02,etf_cumulative_net_flow_usd_millions,47574.9,4267.6
2025-07-02,etf_net_flow_usd_millions,391.3,-1.9
2025-07-03,etf_cumulative_net_flow_usd_millions,48170.9,4416.1
2025-07-03,etf_net_flow_usd_millions,596.0,148.5
2025-07-04,etf_cumulative_net_flow_usd_millions,48170.9,4416.1
2025-07-04,etf_net_flow_usd_millions,0.0,0.0
2025-07-05,etf_cumulative_net_flow_usd_millions,48170.9,4416.1
2025-07-05,etf_net_flow_usd_millions,0.0,0.0
2025-07-06,etf_cumulative_net_flow_usd_millions,48170.9,4416.1
2025-07-06,etf_net_flow_usd_millions,0.0,0.0
2025-07-07,etf_cumulative_net_flow_usd_millions,48381.2,4478.2
2025-07-07,etf_net_flow_usd_millions,210.3,62.1
2025-07-08,etf_cumulative_net_flow_usd_millions,48456.5,4524.9
2025-07-08,etf_net_flow_usd_millions,75.3,46.7
2025-07-09,etf_cumulative_net_flow_usd_millions,48656.4,4736.2
2025-07-09,etf_net_flow_usd_millions,199.9,211.3
2025-07-10,etf_cumulative_net_flow_usd_millions,49750.1,5119.3
2025-07-10,etf_net_flow_usd_millions,1093.7,383.1
2025-07-11,etf_cumulative_net_flow_usd_millions,50758.8,5324.2
2025-07-11,etf_net_flow_usd_millions,1008.7,204.9
2025-07-12,etf_cumulative_net_flow_usd_millions,50758.8,5324.2
2025-07-12,etf_net_flow_usd_millions,0.0,0.0
2025-07-13,etf_cumulative_net_flow_usd_millions,50758.8,5324.2
2025-07-13,etf_net_flow_usd_millions,0.0,0.0
2025-07-14,etf_cumulative_net_flow_usd_millions,51043.5,5583.2
2025-07-14,etf_net_flow_usd_millions,284.7,259.0
2025-07-15,etf_cumulative_net_flow_usd_millions,51428.0,5775.5
2025-07-15,etf_net_flow_usd_millions,384.5,192.3
2025-07-16,etf_cumulative_net_flow_usd_millions,52222.1,6502.1
2025-07-16,etf_net_flow_usd_millions,794.1,726.6
2025-07-17,etf_cumulative_net_flow_usd_millions,52739.4,7104.1
2025-07-17,etf_net_flow_usd_millions,517.3,602.0
2025-07-18,etf_cumulative_net_flow_usd_millions,53102.9,7506.6
2025-07-18,etf_net_flow_usd_millions,363.5,402.5
2025-07-19,etf_cumulative_net_flow_usd_millions,53102.9,7506.6
2025-07-19,etf_net_flow_usd_millions,0.0,0.0
2025-07-20,etf_cumulative_net_flow_usd_millions,53102.9,7506.6
2025-07-20,etf_net_flow_usd_millions,0.0,0.0
2025-07-21,etf_cumulative_net_flow_usd_millions,52971.5,7803.1
2025-07-21,etf_net_flow_usd_millions,-131.4,296.5
2025-07-22,etf_cumulative_net_flow_usd_millions,52903.5,8336.9
2025-07-22,etf_net_flow_usd_millions,-68.0,533.8
2025-07-23,etf_cumulative_net_flow_usd_millions,52807.2,8669.1
2025-07-23,etf_net_flow_usd_millions,-96.3,332.2
2025-07-24,etf_cumulative_net_flow_usd_millions,53026.0,8900.3
2025-07-24,etf_net_flow_usd_millions,218.8,231.2
2025-07-25,etf_cumulative_net_flow_usd_millions,53148.0,9353.1
2025-07-25,etf_net_flow_usd_millions,122.0,452.8
2025-07-26,etf_cumulative_net_flow_usd_millions,53148.0,9353.1
2025-07-26,etf_net_flow_usd_millions,0.0,0.0
2025-07-27,etf_cumulative_net_flow_usd_millions,53148.0,9353.1
2025-07-27,etf_net_flow_usd_millions,0.0,0.0
2025-07-28,etf_cumulative_net_flow_usd_millions,53294.1,9418.3
2025-07-28,etf_net_flow_usd_millions,146.1,65.2
2025-07-29,etf_cumulative_net_flow_usd_millions,53374.1,9636.9
2025-07-29,etf_net_flow_usd_millions,80.0,218.6
2025-07-30,etf_cumulative_net_flow_usd_millions,53421.2,9642.7
2025-07-30,etf_net_flow_usd_millions,47.1,5.8
2025-07-31,etf_cumulative_net_flow_usd_millions,53300.7,9659.7
2025-07-31,etf_net_flow_usd_millions,-120.5,17.0
2025-08-01,etf_cumulative_net_flow_usd_millions,52522.0,9507.4
2025-08-01,etf_net_flow_usd_millions,-778.7,-152.3
2025-08-02,etf_cumulative_net_flow_usd_millions,52522.0,9507.4
2025-08-02,etf_net_flow_usd_millions,0.0,0.0
2025-08-03,etf_cumulative_net_flow_usd_millions,52522.0,9507.4
2025-08-03,etf_net_flow_usd_millions,0.0,0.0
2025-08-04,etf_cumulative_net_flow_usd_millions,52198.5,9042.3
2025-08-04,etf_net_flow_usd_millions,-323.5,-465.1
2025-08-05,etf_cumulative_net_flow_usd_millions,52002.3,9115.6
2025-08-05,etf_net_flow_usd_millions,-196.2,73.3
2025-08-06,etf_cumulative_net_flow_usd_millions,52093.9,9150.7
2025-08-06,etf_net_flow_usd_millions,91.6,35.1
2025-08-07,etf_cumulative_net_flow_usd_millions,52354.1,9373.0
2025-08-07,etf_net_flow_usd_millions,260.2,222.3
2025-08-08,etf_cumulative_net_flow_usd_millions,52744.6,9834.0
2025-08-08,etf_net_flow_usd_millions,390.5,461.0
2025-08-09,etf_cumulative_net_flow_usd_millions,52744.6,9834.0
2025-08-09,etf_net_flow_usd_millions,0.0,0.0
2025-08-10,etf_cumulative_net_flow_usd_millions,52744.6,9834.0
2025-08-10,etf_net_flow_usd_millions,0.0,0.0
2025-08-11,etf_cumulative_net_flow_usd_millions,52908.5,10852.8
2025-08-11,etf_net_flow_usd_millions,163.9,1018.8
2025-08-12,etf_cumulative_net_flow_usd_millions,52974.4,11376.7
2025-08-12,etf_net_flow_usd_millions,65.9,523.9
2025-08-13,etf_cumulative_net_flow_usd_millions,53049.9,12105.8
2025-08-13,etf_net_flow_usd_millions,75.5,729.1
2025-08-14,etf_cumulative_net_flow_usd_millions,53273.4,12745.4
2025-08-14,etf_net_flow_usd_millions,223.5,639.6
2025-08-15,etf_cumulative_net_flow_usd_millions,53259.3,12686.1
2025-08-15,etf_net_flow_usd_millions,-14.1,-59.3
2025-08-16,etf_cumulative_net_flow_usd_millions,53259.3,12686.1
2025-08-16,etf_net_flow_usd_millions,0.0,0.0
2025-08-17,etf_cumulative_net_flow_usd_millions,53259.3,12686.1
2025-08-17,etf_net_flow_usd_millions,0.0,0.0
2025-08-18,etf_cumulative_net_flow_usd_millions,53137.6,12489.5
2025-08-18,etf_net_flow_usd_millions,-121.7,-196.6
2025-08-19,etf_cumulative_net_flow_usd_millions,52621.8,12059.9
2025-08-19,etf_net_flow_usd_millions,-515.8,-429.6
2025-08-20,etf_cumulative_net_flow_usd_millions,52305.9,11819.7
2025-08-20,etf_net_flow_usd_millions,-315.9,-240.2
2025-08-21,etf_cumulative_net_flow_usd_millions,52106.5,12107.3
2025-08-21,etf_net_flow_usd_millions,-199.4,287.6
2025-08-22,etf_cumulative_net_flow_usd_millions,52083.3,12448.5
2025-08-22,etf_net_flow_usd_millions,-23.2,341.2
2025-08-23,etf_cumulative_net_flow_usd_millions,52083.3,12448.5
2025-08-23,etf_net_flow_usd_millions,0.0,0.0
2025-08-24,etf_cumulative_net_flow_usd_millions,52083.3,12448.5
2025-08-24,etf_net_flow_usd_millions,0.0,0.0
2025-08-25,etf_cumulative_net_flow_usd_millions,52295.0,12892.4
2025-08-25,etf_net_flow_usd_millions,211.7,443.9
2025-08-26,etf_cumulative_net_flow_usd_millions,52371.8,13347.4
2025-08-26,etf_net_flow_usd_millions,76.8,455.0
2025-08-27,etf_cumulative_net_flow_usd_millions,52453.2,13656.9
2025-08-27,etf_net_flow_usd_millions,81.4,309.5
2025-08-28,etf_cumulative_net_flow_usd_millions,52626.6,13696.0
2025-08-28,etf_net_flow_usd_millions,173.4,39.1
2025-08-29,etf_cumulative_net_flow_usd_millions,52499.9,13531.4
2025-08-29,etf_net_flow_usd_millions,-126.7,-164.6
2025-08-30,etf_cumulative_net_flow_usd_millions,52499.9,13531.4
2025-08-30,etf_net_flow_usd_millions,0.0,0.0
2025-08-31,etf_cumulative_net_flow_usd_millions,52499.9,13531.4
2025-08-31,etf_net_flow_usd_millions,0.0,0.0
2025-09-01,etf_cumulative_net_flow_usd_millions,52499.9,13531.4
2025-09-01,etf_net_flow_usd_millions,0.0,0.0
2025-09-02,etf_cumulative_net_flow_usd_millions,52823.4,13396.1
2025-09-02,etf_net_flow_usd_millions,323.5,-135.3
2025-09-03,etf_cumulative_net_flow_usd_millions,53095.1,13357.9
2025-09-03,etf_net_flow_usd_millions,271.7,-38.2
2025-09-04,etf_cumulative_net_flow_usd_millions,52877.1,13190.6
2025-09-04,etf_net_flow_usd_millions,-218.0,-167.3
2025-09-05,etf_cumulative_net_flow_usd_millions,52717.0,12743.8
2025-09-05,etf_net_flow_usd_millions,-160.1,-446.8
2025-09-06,etf_cumulative_net_flow_usd_millions,52717.0,12743.8
2025-09-06,etf_net_flow_usd_millions,0.0,0.0
2025-09-07,etf_cumulative_net_flow_usd_millions,52717.0,12743.8
2025-09-07,etf_net_flow_usd_millions,0.0,0.0
2025-09-08,etf_cumulative_net_flow_usd_millions,53069.4,12647.1
2025-09-08,etf_net_flow_usd_millions,352.4,-96.7
2025-09-09,etf_cumulative_net_flow_usd_millions,53092.4,12691.3
2025-09-09,etf_net_flow_usd_millions,23.0,44.2
2025-09-10,etf_cumulative_net_flow_usd_millions,53816.3,12862.8
2025-09-10,etf_net_flow_usd_millions,723.9,171.5
2025-09-11,etf_cumulative_net_flow_usd_millions,54369.0,12975.9
2025-09-11,etf_net_flow_usd_millions,552.7,113.1
2025-09-12,etf_cumulative_net_flow_usd_millions,55005.7,13381.4
2025-09-12,etf_net_flow_usd_millions,636.7,405.5
2025-09-13,etf_cumulative_net_flow_usd_millions,55005.7,13381.4
2025-09-13,etf_net_flow_usd_millions,0.0,0.0
2025-09-14,etf_cumulative_net_flow_usd_millions,55005.7,13381.4
2025-09-14,etf_net_flow_usd_millions,0.0,0.0
2025-09-15,etf_cumulative_net_flow_usd_millions,55259.5,13741.1
2025-09-15,etf_net_flow_usd_millions,253.8,359.7
2025-09-16,etf_cumulative_net_flow_usd_millions,55551.8,13679.4
2025-09-16,etf_net_flow_usd_millions,292.3,-61.7
2025-09-17,etf_cumulative_net_flow_usd_millions,55478.0,13677.5
2025-09-17,etf_net_flow_usd_millions,-73.8,-1.9
2025-09-18,etf_cumulative_net_flow_usd_millions,55630.1,13890.6
2025-09-18,etf_net_flow_usd_millions,152.1,213.1
2025-09-19,etf_cumulative_net_flow_usd_millions,55852.7,13938.4
2025-09-19,etf_net_flow_usd_millions,222.6,47.8
2025-09-20,etf_cumulative_net_flow_usd_millions,55852.7,13938.4
2025-09-20,etf_net_flow_usd_millions,0.0,0.0
2025-09-21,etf_cumulative_net_flow_usd_millions,55852.7,13938.4
2025-09-21,etf_net_flow_usd_millions,0.0,0.0
2025-09-22,etf_cumulative_net_flow_usd_millions,55489.6,13862.4
2025-09-22,etf_net_flow_usd_millions,-363.1,-76.0
2025-09-23,etf_cumulative_net_flow_usd_millions,55385.8,13721.6
2025-09-23,etf_net_flow_usd_millions,-103.8,-140.8
2025-09-24,etf_cumulative_net_flow_usd_millions,55613.2,13642.2
2025-09-24,etf_net_flow_usd_millions,227.4,-79.4
2025-09-25,etf_cumulative_net_flow_usd_millions,55375.3,13391.0
2025-09-25,etf_net_flow_usd_millions,-237.9,-251.2
2025-09-26,etf_cumulative_net_flow_usd_millions,54969.6,13142.6
2025-09-26,etf_net_flow_usd_millions,-405.7,-248.4
2025-09-27,etf_cumulative_net_flow_usd_millions,54969.6,13142.6
2025-09-27,etf_net_flow_usd_millions,0.0,0.0
2025-09-28,etf_cumulative_net_flow_usd_millions,54969.6,13142.6
2025-09-28,etf_net_flow_usd_millions,0.0,0.0
2025-09-29,etf_cumulative_net_flow_usd_millions,55440.5,13689.5
2025-09-29,etf_net_flow_usd_millions,470.9,546.9
